{
    "epoch": 30.0,
    "eval_accuracy": 0.7745098039215687,
    "eval_combined_score": 0.8120915032679739,
    "eval_f1": 0.8496732026143791,
    "eval_loss": 0.4591324031352997,
    "eval_mem_cpu_alloc_delta": 66956,
    "eval_mem_cpu_peaked_delta": 38820,
    "eval_mem_gpu_alloc_delta": 0,
    "eval_mem_gpu_peaked_delta": 289525760,
    "eval_runtime": 0.5376,
    "eval_samples": 408,
    "eval_samples_per_second": 758.891
}