{
    "epoch": 40.0,
    "eval_combined_score": 0.864420471369594,
    "eval_loss": 0.6128365993499756,
    "eval_mem_cpu_alloc_delta": 73472,
    "eval_mem_cpu_peaked_delta": 143441,
    "eval_mem_gpu_alloc_delta": 0,
    "eval_mem_gpu_peaked_delta": 289527296,
    "eval_pearson": 0.8639141935879199,
    "eval_runtime": 1.3941,
    "eval_samples": 1500,
    "eval_samples_per_second": 1075.926,
    "eval_spearmanr": 0.8649267491512681
}