{
    "epoch": 60.0,
    "eval_accuracy": 0.9243119266055045,
    "eval_loss": 0.23159606754779816,
    "eval_mem_cpu_alloc_delta": 74750,
    "eval_mem_cpu_peaked_delta": 36063,
    "eval_mem_gpu_alloc_delta": 0,
    "eval_mem_gpu_peaked_delta": 289526784,
    "eval_runtime": 0.7771,
    "eval_samples": 872,
    "eval_samples_per_second": 1122.146
}